{"accuracy": [0.6014937162399292, 0.8590653538703918, 0.9119425415992737, 0.9399672746658325, 0.9548189640045166, 0.9629276394844055, 0.97099369764328, 0.9754178524017334, 0.9775659441947937, 0.981776773929596], "loss": [1.3546459674835205, 0.44803932309150696, 0.2711740732192993, 0.18212081491947174, 0.13726864755153656, 0.11171302944421768, 0.08831725269556046, 0.07447058707475662, 0.0676615759730339, 0.05775773525238037], "val_accuracy": [0.8152742981910706, 0.8947188854217529, 0.9290348291397095, 0.9494650363922119, 0.9484975934028625, 0.9465057849884033, 0.9605622291564941, 0.9688709378242493, 0.9669360518455505, 0.9681880474090576], "val_loss": [0.5846684575080872, 0.3316298723220825, 0.21810904145240784, 0.1611214429140091, 0.15376834571361542, 0.16867275536060333, 0.12339425086975098, 0.10109783709049225, 0.10885012149810791, 0.11459850519895554]}